query_number,results,status,time
1,10,OK,86
2,0,OK,119
3,148,OK,3043
4,100000,OK,5106
5,100000,OK,86148
6,100000,OK,4495
7,100000,OK,4555
8,100000,OK,37578
9,100000,OK,21363
10,8080,OK,5775
11,79,OK,63
12,15089,OK,8582
13,100000,OK,141070
14,100000,OK,26525
15,100000,OK,141527
16,100000,OK,10442
17,65,OK,129317
18,100000,OK,39220
19,100000,OK,18484
20,100000,OK,50939
21,40161,OK,7586
22,40161,OK,2123
23,3381,OK,2659
24,100000,OK,4728
25,100000,OK,4334
26,8632,OK,20149
27,100000,OK,5274
28,100000,OK,5679
29,100000,OK,4697
30,100000,OK,5329
31,100000,OK,4720
32,100000,OK,3977
33,100000,OK,4657
34,100000,OK,4323
35,0,ERROR(ClientError),600506
36,100000,OK,21797
37,100000,OK,7085
38,100000,OK,4924
39,100000,OK,4876
40,100000,OK,4857
41,100000,OK,5675
42,226,OK,3378
43,100000,OK,4978
44,100000,OK,55992
45,100000,OK,5580
46,100000,OK,4490
47,100000,OK,5013
48,100000,OK,4891
49,100000,OK,25988
50,100000,OK,4114
51,100000,OK,4055
52,329,OK,3556
53,100000,OK,6560
54,100000,OK,13436
55,100000,OK,27043
56,100000,OK,4597
57,100000,OK,8799
58,100000,OK,4639
59,100000,OK,9010
60,100000,OK,43458
