query_number,result,status,time
1,79,OK,1144
2,54,OK,318
3,3,OK,78
4,2,OK,90
5,20,OK,44
6,67,OK,59
7,122,OK,1012
8,1,OK,43
9,1,OK,29
10,1,OK,42
11,0,OK,37
12,0,OK,40
13,1,OK,33
14,33,OK,351
15,0,OK,47
16,23,OK,145
17,1,OK,79
18,197,OK,863
19,2,OK,26
20,2,OK,25
21,4,OK,90
22,108,OK,555
23,129,OK,524
24,1,OK,48
25,0,OK,69
26,2,OK,28
27,1,OK,32
28,1,OK,40
29,0,OK,67
30,0,OK,35
31,1,OK,45
32,298,OK,917
33,1,OK,28
34,8,OK,34
35,135,OK,348
36,14,OK,25
37,1,OK,56
38,1,OK,52
39,1,OK,17
40,1,OK,41
41,1,OK,46
42,1,OK,26
43,100000,OK,1073
44,6,OK,68
45,295,OK,65
46,100000,OK,1011
47,20960,OK,321
48,9702,OK,182
49,100000,OK,905
50,100000,OK,878
51,100000,OK,1260
52,1542,OK,49
53,100000,OK,1526
54,0,OK,59
55,198,OK,72
56,1967,OK,124
57,540,OK,72
58,2571,OK,60
59,531,OK,45
60,307,OK,59
61,19047,OK,307
62,170,OK,50
63,100000,OK,1364
64,8455,OK,165
65,100000,OK,1402
66,498,OK,58
67,0,OK,66
68,100000,OK,1462
69,1497,OK,44
70,100000,OK,3771
71,100000,OK,2598
72,100000,OK,1384
73,30,OK,36
74,100000,OK,1365
75,52,OK,50
76,168,OK,47
77,628,OK,38
78,1345,OK,45
79,1839,OK,50
80,100000,OK,1241
81,451,OK,42
82,100000,OK,1237
83,39545,OK,14743
84,136,OK,77
85,594,OK,35
86,4789,OK,18147
87,100000,OK,938
88,100000,OK,890
89,52597,OK,596
90,0,OK,65
91,100000,OK,786
92,558,OK,64
93,52676,OK,466
94,100000,OK,2506
95,5823,OK,133
96,8584,OK,167
97,20656,OK,274
98,100000,OK,1330
99,100000,OK,1410
100,100000,OK,1158
101,100000,OK,1469
102,100000,OK,3359
103,100000,OK,2170
104,100000,OK,1997
105,100000,OK,885
106,100000,OK,3169
107,20,OK,25
108,0,TIMEOUT,60000
109,100000,OK,5400
110,48,OK,31
111,39,OK,40
112,57,OK,36
113,53,OK,32
114,125,OK,42
115,114,OK,47
116,69,OK,32
117,15,OK,29
118,100000,OK,1079
119,100000,OK,936
120,26816,OK,391
121,100000,OK,1311
122,100000,OK,1435
123,100000,OK,1445
124,27678,OK,13166
125,0,TIMEOUT,60000
126,253,OK,285
127,100000,OK,1677
128,100000,OK,2012
129,15808,OK,47748
130,100000,OK,1049
131,66,OK,56
132,299,OK,41
133,100000,OK,847
134,167,OK,48
135,100000,OK,886
136,76753,OK,701
137,14,OK,45
138,102,OK,55
139,22273,OK,344
140,36443,OK,435
141,100000,OK,714
142,195,OK,68
143,1004,OK,48
144,100000,OK,845
145,869,OK,47
146,422,OK,54
147,152,OK,19
148,25,OK,45
149,3256,OK,101
150,100000,OK,887
151,4,OK,37
152,100000,OK,1085
153,3051,OK,81
154,1353,OK,74
155,0,OK,54
156,4,OK,26
157,1,OK,19
158,0,OK,45
159,28,OK,21
160,83420,OK,707
161,64,OK,25
162,5934,OK,122
163,25,OK,39
164,100000,OK,902
165,0,OK,57
166,7,OK,47
167,0,OK,49
168,10787,OK,162
169,38328,OK,492
170,11,OK,60
171,100000,OK,826
172,40542,OK,528
173,199,OK,30
174,13654,OK,196
175,100000,OK,862
176,100000,OK,780
177,100000,OK,740
178,0,OK,41
179,1746,OK,55
180,100000,OK,834
181,100000,OK,896
182,40259,OK,380
183,9,OK,15
184,100000,OK,882
185,0,OK,61
186,364,OK,36
187,407,OK,54
188,9072,OK,156
189,32,OK,30
190,95850,OK,1046
191,0,OK,43
192,100000,OK,715
193,188,OK,31
194,22904,OK,301
195,100000,OK,659
196,69573,OK,771
197,11111,OK,141
198,1,OK,45
199,7920,OK,122
200,43331,OK,471
201,38,OK,15
202,1553,OK,65
203,58,OK,45
204,0,OK,51
205,330,OK,30
206,428,OK,33
207,238,OK,27
208,131,OK,22
209,100000,OK,879
210,1076,OK,42
211,1430,OK,34
212,1220,OK,53
213,0,TIMEOUT,60000
214,100000,OK,1874
215,18673,OK,24746
216,100000,OK,6159
217,100000,OK,2727
218,46339,OK,548
219,810,OK,46
220,16,OK,33
221,39177,OK,3892
222,1476,OK,515
223,3496,OK,3849
224,100000,OK,1627
225,168,OK,356
226,100000,OK,1478
227,0,OK,49
228,100000,OK,1395
229,1904,OK,4844
230,19,OK,41
231,3,OK,37
232,307,OK,39
233,463,OK,62
234,100000,OK,1243
235,339,OK,34
236,770,OK,52
237,0,OK,44
238,100000,OK,1391
239,100000,OK,1289
240,21,OK,48
241,100000,OK,1416
242,100000,OK,2280
243,0,OK,53
244,0,OK,35
245,0,OK,57
246,0,OK,24
247,0,OK,48
248,0,OK,24
249,0,OK,34
250,0,OK,54
251,3,OK,38
252,0,OK,40
253,1,OK,35
254,0,OK,34
255,0,OK,34
256,0,OK,35
257,100000,OK,1318
258,18,OK,48
259,100000,OK,1846
260,100000,OK,1843
261,6398,OK,126
262,0,OK,65
263,164,OK,26
264,1838,OK,65
265,100000,OK,1364
266,64,OK,30
267,698,OK,46
268,68,OK,44
269,100000,OK,1200
270,23,OK,44
271,96,OK,29
272,32315,OK,13371
273,100000,OK,1485
274,100000,OK,1372
275,211,OK,44
276,100000,OK,1222
277,1164,OK,74
278,100000,OK,1068
279,123,OK,51
280,100000,OK,956
